"country_code","country","year","imf_gdp_growth","world_bank_gdp_growth","difference_pp","absolute_difference_pp"
"BRN","Brunei Darussalam","2015","-0.392381","-0.392383749502031","2.74950203099644E-06","2.74950203099644E-06"
"BRN","Brunei Darussalam","2016","-2.477916","-2.47791771833224","1.71833224005269E-06","1.71833224005269E-06"
"BRN","Brunei Darussalam","2017","1.328727","1.32872661057823","3.89421769941833E-07","3.89421769941833E-07"
"BRN","Brunei Darussalam","2018","0.052368","0.0523710418528935","-3.04185289350112E-06","3.04185289350112E-06"
"BRN","Brunei Darussalam","2019","3.868844","3.86884436177075","-3.61770749801593E-07","3.61770749801593E-07"
"BRN","Brunei Darussalam","2020","1.133575","1.1335733495246","1.65047539990582E-06","1.65047539990582E-06"
"BRN","Brunei Darussalam","2021","-1.590763","-1.59076260099606","-3.99003939888232E-07","3.99003939888232E-07"
"BRN","Brunei Darussalam","2022","-1.62833","-1.62833154515108","1.54515107997355E-06","1.54515107997355E-06"
"BRN","Brunei Darussalam","2023","1.12764","1.12764418162719","-4.18162719006965E-06","4.18162719006965E-06"
"BRN","Brunei Darussalam","2024","4.05252","4.05251709306727","2.90693273008458E-06","2.90693273008458E-06"
"KHM","Cambodia","2015","6.834408","7.20703472529512","-0.37262672529512","0.37262672529512"
"KHM","Cambodia","2016","7.356667","7.90550116130704","-0.54883416130704","0.54883416130704"
"KHM","Cambodia","2017","7.580218","8.07503915535979","-0.494821155359789","0.494821155359789"
"KHM","Cambodia","2018","8.731106","8.77622376224463","-0.0451177622446295","0.0451177622446295"
"KHM","Cambodia","2019","7.88345","7.93695013588524","-0.0535001358852405","0.0535001358852405"
"KHM","Cambodia","2020","-2.957834","-3.55572193406549","0.59788793406549","0.59788793406549"
"KHM","Cambodia","2021","2.903844","3.08984284148661","-0.18599884148661","0.18599884148661"
"KHM","Cambodia","2022","5.502947","5.12990110773977","0.37304589226023","0.37304589226023"
"KHM","Cambodia","2023","5.00733","5.00733043811898","-4.3811898020607E-07","4.3811898020607E-07"
"KHM","Cambodia","2024","6.019821","6.0158145735202","0.00400642647980032","0.00400642647980032"
"IDN","Indonesia","2015","4.876322","4.87632230022123","-3.0022123009843E-07","3.0022123009843E-07"
"IDN","Indonesia","2016","5.033069","5.03306918280177","-1.82801770165497E-07","1.82801770165497E-07"
"IDN","Indonesia","2017","5.069786","5.06978590134916","9.86508394973384E-08","9.86508394973384E-08"
"IDN","Indonesia","2018","5.174292","5.17429153955024","4.60449760097958E-07","4.60449760097958E-07"
"IDN","Indonesia","2019","5.019288","5.01928768046282","3.19537180715201E-07","3.19537180715201E-07"
"IDN","Indonesia","2020","-2.065512","-2.06551182934165","-1.70658350118202E-07","1.70658350118202E-07"
"IDN","Indonesia","2021","3.702886","3.70288562827751","3.71722489678206E-07","3.71722489678206E-07"
"IDN","Indonesia","2022","5.307197","5.30719722664799","-2.26647989265416E-07","2.26647989265416E-07"
"IDN","Indonesia","2023","5.048831","5.04883117855516","-1.78555159990879E-07","1.78555159990879E-07"
"IDN","Indonesia","2024","5.032575","5.03257477088519","2.29114809791042E-07","2.29114809791042E-07"
"LAO","Lao P.D.R.","2015","7.269872","7.27006584373785","-0.000193843737849697","0.000193843737849697"
"LAO","Lao P.D.R.","2016","7.022836","7.02283625501138","-2.55011380012604E-07","2.55011380012604E-07"
"LAO","Lao P.D.R.","2017","6.892164","6.8925308726989","-0.000366872698899456","0.000366872698899456"
"LAO","Lao P.D.R.","2018","6.248007","6.24796000755872","4.69924412804801E-05","4.69924412804801E-05"
"LAO","Lao P.D.R.","2019","4.651992","5.4577350924848","-0.8057430924848","0.8057430924848"
"LAO","Lao P.D.R.","2020","-0.434912","0.503031829018681","-0.937943829018681","0.937943829018681"
"LAO","Lao P.D.R.","2021","2.061386","2.52835100486102","-0.46696500486102","0.46696500486102"
"LAO","Lao P.D.R.","2022","2.252146","2.70742652643155","-0.45528052643155","0.45528052643155"
"LAO","Lao P.D.R.","2023","3.657866","3.74568140158232","-0.0878154015823203","0.0878154015823203"
"LAO","Lao P.D.R.","2024","4.298969","4.13019264438475","0.16877635561525","0.16877635561525"
"MYS","Malaysia","2015","5.007195","5.09153242155011","-0.08433742155011","0.08433742155011"
"MYS","Malaysia","2016","4.449835","4.44978139761541","5.3602384590512E-05","5.3602384590512E-05"
"MYS","Malaysia","2017","5.812722","5.81272240983328","-4.0983328020161E-07","4.0983328020161E-07"
"MYS","Malaysia","2018","4.843087","4.84308697634881","2.36511894513569E-08","2.36511894513569E-08"
"MYS","Malaysia","2019","4.413187","4.41318742129586","-4.21295860419946E-07","4.21295860419946E-07"
"MYS","Malaysia","2020","-5.456847","-5.45684658426701","-4.15732989367257E-07","4.15732989367257E-07"
"MYS","Malaysia","2021","3.31535","3.31534954399166","4.56008339977387E-07","4.56008339977387E-07"
"MYS","Malaysia","2022","9.031737","9.03173723044451","-2.30444509696781E-07","2.30444509696781E-07"
"MYS","Malaysia","2023","3.537064","3.5370638041057","1.95894299892529E-07","1.95894299892529E-07"
"MYS","Malaysia","2024","5.105459","5.10545921024041","-2.10240409970197E-07","2.10240409970197E-07"
"MMR","Myanmar","2015","5.862473","6.99284029026121","-1.13036729026121","1.13036729026121"
"MMR","Myanmar","2016","6.758629","5.86247291518572","0.89615608481428","0.89615608481428"
"MMR","Myanmar","2017","6.136108","6.13610824360305","-2.43603049732144E-07","2.43603049732144E-07"
"MMR","Myanmar","2018","6.277492","6.26886221471075","0.00862978528924963","0.00862978528924963"
"MMR","Myanmar","2019","6.562336","6.57911006765414","-0.0167740676541399","0.0167740676541399"
"MMR","Myanmar","2020","-9.031913","-9.04834717984643","0.0164341798464314","0.0164341798464314"
"MMR","Myanmar","2021","-11.995157","-12.0163724829177","0.0212154829176985","0.0212154829176985"
"MMR","Myanmar","2022","4.017047","4.0374934360085","-0.0204464360085002","0.0204464360085002"
"MMR","Myanmar","2023","0.997465","0.958446625126115","0.039018374873885","0.039018374873885"
"MMR","Myanmar","2024","-0.972064","-0.97204641363362","-1.75863663800513E-05","1.75863663800513E-05"
"PHL","Philippines","2015","6.348305","6.34830971672761","-4.71672761026554E-06","4.71672761026554E-06"
"PHL","Philippines","2016","7.149461","7.14945675000752","4.24999247972124E-06","4.24999247972124E-06"
"PHL","Philippines","2017","6.930993","6.9309883258402","4.6741597996558E-06","4.6741597996558E-06"
"PHL","Philippines","2018","6.34149","6.34148557153473","4.42846527004548E-06","4.42846527004548E-06"
"PHL","Philippines","2019","6.118518","6.11852566221303","-7.66221303027947E-06","7.66221303027947E-06"
"PHL","Philippines","2020","-9.518303","-9.51829474045297","-8.25954703032039E-06","8.25954703032039E-06"
"PHL","Philippines","2021","5.714728","5.71473313185116","-5.1318511600229E-06","5.1318511600229E-06"
"PHL","Philippines","2022","7.580991","7.58098212785563","8.87214437028661E-06","8.87214437028661E-06"
"PHL","Philippines","2023","5.51896","5.51894967856043","1.03214395696938E-05","1.03214395696938E-05"
"PHL","Philippines","2024","5.692006","5.71474526128652","-0.02273926128652","0.02273926128652"
"SGP","Singapore","2015","2.976799","2.97679931634806","-3.16348059747895E-07","3.16348059747895E-07"
"SGP","Singapore","2016","3.910953","3.91095306322606","-6.32260599431334E-08","6.32260599431334E-08"
"SGP","Singapore","2017","4.326794","4.32679370770501","2.92294989989728E-07","2.92294989989728E-07"
"SGP","Singapore","2018","3.186608","3.18660848474074","-4.84740739992162E-07","4.84740739992162E-07"
"SGP","Singapore","2019","1.158779","1.15877947300108","-4.73001080081303E-07","4.73001080081303E-07"
"SGP","Singapore","2020","-3.610843","-3.61084281729929","-1.82700710116279E-07","1.82700710116279E-07"
"SGP","Singapore","2021","10.141085","10.1410845197192","4.80280800019273E-07","4.80280800019273E-07"
"SGP","Singapore","2022","4.010279","4.01027884472296","1.55277040114754E-07","1.55277040114754E-07"
"SGP","Singapore","2023","1.450268","1.45026775889565","2.41104349818499E-07","2.41104349818499E-07"
"SGP","Singapore","2024","5.343512","5.3435120192366","-1.92366007567557E-08","1.92366007567557E-08"
"THA","Thailand","2015","3.134047","3.13404724911635","-2.49116350214962E-07","2.49116350214962E-07"
"THA","Thailand","2016","3.435158","3.43515771692182","2.83078180007834E-07","2.83078180007834E-07"
"THA","Thailand","2017","4.177681","4.1776810321001","-3.21001003555921E-08","3.21001003555921E-08"
"THA","Thailand","2018","4.22287","4.22287028746071","-2.87460709458287E-07","2.87460709458287E-07"
"THA","Thailand","2019","2.114558","2.11455779628278","2.03717219982025E-07","2.03717219982025E-07"
"THA","Thailand","2020","-6.093063","-6.09306312966953","1.29669530224419E-07","1.29669530224419E-07"
"THA","Thailand","2021","1.552682","1.55858232076893","-0.0059003207689301","0.0059003207689301"
"THA","Thailand","2022","2.684753","2.63784213566305","0.04691086433695","0.04691086433695"
"THA","Thailand","2023","2.240138","2.24883437970568","-0.00869637970567982","0.00869637970567982"
"THA","Thailand","2024","2.944729","2.94859986593323","-0.00387086593323005","0.00387086593323005"
"VNM","Vietnam","2015","6.987154","6.98715430598611","-3.05986109339074E-07","3.05986109339074E-07"
"VNM","Vietnam","2016","6.690009","6.69000892660424","7.33957596921186E-08","7.33957596921186E-08"
"VNM","Vietnam","2017","6.94019","6.94019037359206","-3.73592059510486E-07","3.73592059510486E-07"
"VNM","Vietnam","2018","7.465007","7.46500685572751","1.44272489954744E-07","1.44272489954744E-07"
"VNM","Vietnam","2019","7.359263","7.35926270105006","2.98949940358284E-07","2.98949940358284E-07"
"VNM","Vietnam","2020","2.865413","2.86541320912272","-2.09122719585508E-07","2.09122719585508E-07"
"VNM","Vietnam","2021","2.553728","2.55372852648131","-5.26481310103577E-07","5.26481310103577E-07"
"VNM","Vietnam","2022","8.5375","8.53750041218142","-4.12181419662261E-07","4.12181419662261E-07"
"VNM","Vietnam","2023","5.065024","4.97865959483225","0.0863644051677506","0.0863644051677506"
"VNM","Vietnam","2024","6.951564","7.03955197123018","-0.0879879712301799","0.0879879712301799"
